Art,Art Freaks,artfreaks.ism
Blog,ISM Diaries,ismdiaries
Chapter,ACM,acm.iitismdhn
Chapter,AIESEC,AIESEC.IITISMDhanbad
Chapter,ASME,ASMEISM
Chapter,Mineral Engineering Society,mle.iitism
Chapter,SIAM,SIAMISMpage
Chapter,SIAM Coding Cell,siam.codingcell
Chapter,SME,smeism
Chapter,SPE,speismsc
Chapter,Toastmasters,Ismtoastmasters
Dance,LITM,LITM.ISM
Dance,WTC,wethecrew
Drama,Abhay Dramatics Club,abhaydramaticsclub
Entrepreneurship,E-Cell Genesis,genesisecell
Entrepreneurship,Economics Club,theeconomicsclubIITISMD
Entrepreneurship,Udaan,udaan.ism
Fest,Avalanche,avalanche.iitism
Fest,Basant,BasantISM
Fest,Concetto,Concettoiitdhanbad
Fest,Excelsior,litfest.iitdhn
Fest,Hackfest,hackfest17
Fest,ISM MUN,ism.mun
Fest,SLDC,asme.sldc.ism
Fest,Spectrum,spectrum.iitism
Fest,Srijan,ism.srijan
Fest,Turbulence,TurbIITDhn
Funny,IIT ISM Memes,iitismmemes
Literature,Chayanika Sangh,chayanikaIITISMdhanbad
Literature,LITC,litcism
Music,Manthan,manthan.iitism
News,Branding And Relations Cell,brciitdhn
News,ISS,ismstudentssociety
News,Mailer Daemon,mailerdaemonismdhanbad
News,SCG,scg.ismdhanbad
Photography,Fotofreaks,fotofreaks.iit.ism
Videography,LCI,14ryproductions
Social Work,FFI,FastForwardIndia
Social Work,Kartavya,kartavya.org
Tech,Cyber Labs,labscyber
Tech,RoboISM,roboism
